[{"model": "admin.logentry", "pk": 1, "fields": {"action_time": "2021-11-25T02:15:13.361Z", "user": 1, "content_type": 6, "object_id": "2", "object_repr": "john.smith@test.com", "action_flag": 1, "change_message": "[{\"added\": {}}]"}}, {"model": "admin.logentry", "pk": 2, "fields": {"action_time": "2021-11-25T02:15:17.029Z", "user": 1, "content_type": 8, "object_id": "1", "object_repr": "Coordinator object (1)", "action_flag": 1, "change_message": "[{\"added\": {}}]"}}, {"model": "admin.logentry", "pk": 3, "fields": {"action_time": "2021-11-25T02:20:36.518Z", "user": 1, "content_type": 16, "object_id": "1", "object_repr": "Question object (1)", "action_flag": 1, "change_message": "[{\"added\": {}}]"}}, {"model": "admin.logentry", "pk": 4, "fields": {"action_time": "2021-11-25T02:21:31.601Z", "user": 1, "content_type": 16, "object_id": "2", "object_repr": "Question object (2)", "action_flag": 1, "change_message": "[{\"added\": {}}]"}}, {"model": "admin.logentry", "pk": 5, "fields": {"action_time": "2021-11-25T02:22:27.316Z", "user": 1, "content_type": 17, "object_id": "1", "object_repr": "Survey object (1)", "action_flag": 1, "change_message": "[{\"added\": {}}]"}}, {"model": "admin.logentry", "pk": 6, "fields": {"action_time": "2021-11-25T02:23:03.252Z", "user": 1, "content_type": 17, "object_id": "2", "object_repr": "Survey object (2)", "action_flag": 1, "change_message": "[{\"added\": {}}]"}}, {"model": "admin.logentry", "pk": 7, "fields": {"action_time": "2021-11-25T05:47:57.431Z", "user": 1, "content_type": 17, "object_id": "2", "object_repr": "Survey object (2)", "action_flag": 2, "change_message": "[{\"changed\": {\"fields\": [\"Questions\"]}}]"}}, {"model": "admin.logentry", "pk": 8, "fields": {"action_time": "2021-11-25T05:48:09.736Z", "user": 1, "content_type": 17, "object_id": "2", "object_repr": "Survey object (2)", "action_flag": 3, "change_message": ""}}, {"model": "admin.logentry", "pk": 9, "fields": {"action_time": "2021-11-25T05:48:40.736Z", "user": 1, "content_type": 16, "object_id": "3", "object_repr": "Question object (3)", "action_flag": 1, "change_message": "[{\"added\": {}}]"}}, {"model": "admin.logentry", "pk": 10, "fields": {"action_time": "2021-11-25T05:49:14.104Z", "user": 1, "content_type": 16, "object_id": "4", "object_repr": "Question object (4)", "action_flag": 1, "change_message": "[{\"added\": {}}]"}}, {"model": "admin.logentry", "pk": 11, "fields": {"action_time": "2021-11-25T05:49:42.461Z", "user": 1, "content_type": 16, "object_id": "5", "object_repr": "Question object (5)", "action_flag": 1, "change_message": "[{\"added\": {}}]"}}, {"model": "admin.logentry", "pk": 12, "fields": {"action_time": "2021-11-25T05:50:29.961Z", "user": 1, "content_type": 16, "object_id": "6", "object_repr": "Question object (6)", "action_flag": 1, "change_message": "[{\"added\": {}}]"}}, {"model": "admin.logentry", "pk": 13, "fields": {"action_time": "2021-11-25T05:50:40.011Z", "user": 1, "content_type": 16, "object_id": "7", "object_repr": "Question object (7)", "action_flag": 1, "change_message": "[{\"added\": {}}]"}}, {"model": "admin.logentry", "pk": 14, "fields": {"action_time": "2021-11-25T05:50:55.580Z", "user": 1, "content_type": 16, "object_id": "8", "object_repr": "Question object (8)", "action_flag": 1, "change_message": "[{\"added\": {}}]"}}, {"model": "admin.logentry", "pk": 15, "fields": {"action_time": "2021-11-25T05:51:07.010Z", "user": 1, "content_type": 16, "object_id": "9", "object_repr": "Question object (9)", "action_flag": 1, "change_message": "[{\"added\": {}}]"}}, {"model": "admin.logentry", "pk": 16, "fields": {"action_time": "2021-11-25T05:51:23.552Z", "user": 1, "content_type": 16, "object_id": "10", "object_repr": "Question object (10)", "action_flag": 1, "change_message": "[{\"added\": {}}]"}}, {"model": "admin.logentry", "pk": 17, "fields": {"action_time": "2021-11-25T05:51:54.492Z", "user": 1, "content_type": 16, "object_id": "9", "object_repr": "Question object (9)", "action_flag": 2, "change_message": "[{\"changed\": {\"fields\": [\"Prompt\"]}}]"}}, {"model": "admin.logentry", "pk": 18, "fields": {"action_time": "2021-11-25T05:52:01.873Z", "user": 1, "content_type": 16, "object_id": "1", "object_repr": "Question object (1)", "action_flag": 2, "change_message": "[{\"changed\": {\"fields\": [\"Prompt\"]}}]"}}, {"model": "admin.logentry", "pk": 19, "fields": {"action_time": "2021-11-25T05:52:07.503Z", "user": 1, "content_type": 16, "object_id": "2", "object_repr": "Question object (2)", "action_flag": 2, "change_message": "[{\"changed\": {\"fields\": [\"Prompt\"]}}]"}}, {"model": "admin.logentry", "pk": 20, "fields": {"action_time": "2021-11-25T05:52:12.243Z", "user": 1, "content_type": 16, "object_id": "3", "object_repr": "Question object (3)", "action_flag": 2, "change_message": "[{\"changed\": {\"fields\": [\"Prompt\"]}}]"}}, {"model": "admin.logentry", "pk": 21, "fields": {"action_time": "2021-11-25T05:52:17.193Z", "user": 1, "content_type": 16, "object_id": "4", "object_repr": "Question object (4)", "action_flag": 2, "change_message": "[{\"changed\": {\"fields\": [\"Prompt\"]}}]"}}, {"model": "admin.logentry", "pk": 22, "fields": {"action_time": "2021-11-25T05:52:20.856Z", "user": 1, "content_type": 16, "object_id": "5", "object_repr": "Question object (5)", "action_flag": 2, "change_message": "[]"}}, {"model": "admin.logentry", "pk": 23, "fields": {"action_time": "2021-11-25T05:52:25.084Z", "user": 1, "content_type": 16, "object_id": "6", "object_repr": "Question object (6)", "action_flag": 2, "change_message": "[]"}}, {"model": "admin.logentry", "pk": 24, "fields": {"action_time": "2021-11-25T05:52:28.580Z", "user": 1, "content_type": 16, "object_id": "7", "object_repr": "Question object (7)", "action_flag": 2, "change_message": "[]"}}, {"model": "admin.logentry", "pk": 25, "fields": {"action_time": "2021-11-25T05:52:33.649Z", "user": 1, "content_type": 16, "object_id": "8", "object_repr": "Question object (8)", "action_flag": 2, "change_message": "[{\"changed\": {\"fields\": [\"Prompt\"]}}]"}}, {"model": "admin.logentry", "pk": 26, "fields": {"action_time": "2021-11-25T05:52:38.287Z", "user": 1, "content_type": 16, "object_id": "9", "object_repr": "Question object (9)", "action_flag": 2, "change_message": "[]"}}, {"model": "admin.logentry", "pk": 27, "fields": {"action_time": "2021-11-25T05:52:42.405Z", "user": 1, "content_type": 16, "object_id": "10", "object_repr": "Question object (10)", "action_flag": 2, "change_message": "[]"}}, {"model": "admin.logentry", "pk": 28, "fields": {"action_time": "2021-11-25T05:53:02.984Z", "user": 1, "content_type": 16, "object_id": "11", "object_repr": "Question object (11)", "action_flag": 1, "change_message": "[{\"added\": {}}]"}}, {"model": "admin.logentry", "pk": 29, "fields": {"action_time": "2021-11-25T05:53:20.250Z", "user": 1, "content_type": 16, "object_id": "12", "object_repr": "Question object (12)", "action_flag": 1, "change_message": "[{\"added\": {}}]"}}, {"model": "admin.logentry", "pk": 30, "fields": {"action_time": "2021-11-25T05:53:34.743Z", "user": 1, "content_type": 16, "object_id": "13", "object_repr": "Question object (13)", "action_flag": 1, "change_message": "[{\"added\": {}}]"}}, {"model": "admin.logentry", "pk": 31, "fields": {"action_time": "2021-11-25T05:53:45.807Z", "user": 1, "content_type": 17, "object_id": "1", "object_repr": "Survey object (1)", "action_flag": 2, "change_message": "[{\"changed\": {\"fields\": [\"Questions\"]}}]"}}, {"model": "admin.logentry", "pk": 32, "fields": {"action_time": "2021-11-26T01:57:12.503Z", "user": 1, "content_type": 16, "object_id": "26", "object_repr": "Question object (26)", "action_flag": 1, "change_message": "[{\"added\": {}}]"}}, {"model": "admin.logentry", "pk": 33, "fields": {"action_time": "2021-11-26T04:10:28.495Z", "user": 1, "content_type": 18, "object_id": "1", "object_repr": "Submission object (1)", "action_flag": 1, "change_message": "[{\"added\": {}}]"}}, {"model": "admin.logentry", "pk": 34, "fields": {"action_time": "2021-11-26T04:10:36.842Z", "user": 1, "content_type": 18, "object_id": "2", "object_repr": "Submission object (2)", "action_flag": 1, "change_message": "[{\"added\": {}}]"}}, {"model": "admin.logentry", "pk": 35, "fields": {"action_time": "2021-11-26T04:10:55.508Z", "user": 1, "content_type": 18, "object_id": "3", "object_repr": "Submission object (3)", "action_flag": 1, "change_message": "[{\"added\": {}}]"}}, {"model": "admin.logentry", "pk": 36, "fields": {"action_time": "2021-11-26T04:11:11.906Z", "user": 1, "content_type": 18, "object_id": "4", "object_repr": "Submission object (4)", "action_flag": 1, "change_message": "[{\"added\": {}}]"}}, {"model": "admin.logentry", "pk": 37, "fields": {"action_time": "2021-11-26T04:11:23.793Z", "user": 1, "content_type": 18, "object_id": "5", "object_repr": "Submission object (5)", "action_flag": 1, "change_message": "[{\"added\": {}}]"}}, {"model": "admin.logentry", "pk": 38, "fields": {"action_time": "2021-11-26T04:11:39.614Z", "user": 1, "content_type": 18, "object_id": "6", "object_repr": "Submission object (6)", "action_flag": 1, "change_message": "[{\"added\": {}}]"}}, {"model": "admin.logentry", "pk": 39, "fields": {"action_time": "2021-11-26T04:11:46.906Z", "user": 1, "content_type": 18, "object_id": "7", "object_repr": "Submission object (7)", "action_flag": 1, "change_message": "[{\"added\": {}}]"}}, {"model": "admin.logentry", "pk": 40, "fields": {"action_time": "2021-11-26T04:11:53.583Z", "user": 1, "content_type": 18, "object_id": "8", "object_repr": "Submission object (8)", "action_flag": 1, "change_message": "[{\"added\": {}}]"}}, {"model": "admin.logentry", "pk": 41, "fields": {"action_time": "2021-11-26T04:11:59.441Z", "user": 1, "content_type": 18, "object_id": "9", "object_repr": "Submission object (9)", "action_flag": 1, "change_message": "[{\"added\": {}}]"}}, {"model": "admin.logentry", "pk": 42, "fields": {"action_time": "2021-11-26T04:12:04.723Z", "user": 1, "content_type": 18, "object_id": "10", "object_repr": "Submission object (10)", "action_flag": 1, "change_message": "[{\"added\": {}}]"}}, {"model": "admin.logentry", "pk": 43, "fields": {"action_time": "2021-11-26T04:12:32.381Z", "user": 1, "content_type": 15, "object_id": "1", "object_repr": "Evaluation object (1)", "action_flag": 1, "change_message": "[{\"added\": {}}]"}}, {"model": "admin.logentry", "pk": 44, "fields": {"action_time": "2021-11-26T04:13:12.019Z", "user": 1, "content_type": 15, "object_id": "2", "object_repr": "Evaluation object (2)", "action_flag": 1, "change_message": "[{\"added\": {}}]"}}, {"model": "admin.logentry", "pk": 45, "fields": {"action_time": "2021-11-26T04:13:22.423Z", "user": 1, "content_type": 15, "object_id": "3", "object_repr": "Evaluation object (3)", "action_flag": 1, "change_message": "[{\"added\": {}}]"}}, {"model": "admin.logentry", "pk": 46, "fields": {"action_time": "2021-11-26T04:13:29.873Z", "user": 1, "content_type": 15, "object_id": "4", "object_repr": "Evaluation object (4)", "action_flag": 1, "change_message": "[{\"added\": {}}]"}}, {"model": "admin.logentry", "pk": 47, "fields": {"action_time": "2021-11-26T04:13:38.988Z", "user": 1, "content_type": 15, "object_id": "5", "object_repr": "Evaluation object (5)", "action_flag": 1, "change_message": "[{\"added\": {}}]"}}, {"model": "admin.logentry", "pk": 48, "fields": {"action_time": "2021-11-26T04:13:48.089Z", "user": 1, "content_type": 15, "object_id": "6", "object_repr": "Evaluation object (6)", "action_flag": 1, "change_message": "[{\"added\": {}}]"}}, {"model": "admin.logentry", "pk": 49, "fields": {"action_time": "2021-11-26T04:13:55.017Z", "user": 1, "content_type": 15, "object_id": "7", "object_repr": "Evaluation object (7)", "action_flag": 1, "change_message": "[{\"added\": {}}]"}}, {"model": "admin.logentry", "pk": 50, "fields": {"action_time": "2021-11-26T04:14:03.929Z", "user": 1, "content_type": 15, "object_id": "8", "object_repr": "Evaluation object (8)", "action_flag": 1, "change_message": "[{\"added\": {}}]"}}, {"model": "admin.logentry", "pk": 51, "fields": {"action_time": "2021-11-26T04:14:10.691Z", "user": 1, "content_type": 15, "object_id": "9", "object_repr": "Evaluation object (9)", "action_flag": 1, "change_message": "[{\"added\": {}}]"}}, {"model": "admin.logentry", "pk": 52, "fields": {"action_time": "2021-11-26T04:14:17.656Z", "user": 1, "content_type": 15, "object_id": "10", "object_repr": "Evaluation object (10)", "action_flag": 1, "change_message": "[{\"added\": {}}]"}}, {"model": "admin.logentry", "pk": 53, "fields": {"action_time": "2021-11-26T04:14:35.278Z", "user": 1, "content_type": 15, "object_id": "1", "object_repr": "Evaluation object (1)", "action_flag": 2, "change_message": "[{\"changed\": {\"fields\": [\"Student\", \"Evaluatee\"]}}]"}}, {"model": "admin.logentry", "pk": 54, "fields": {"action_time": "2021-11-26T04:14:39.161Z", "user": 1, "content_type": 15, "object_id": "2", "object_repr": "Evaluation object (2)", "action_flag": 2, "change_message": "[]"}}, {"model": "admin.logentry", "pk": 55, "fields": {"action_time": "2021-11-26T04:14:51.672Z", "user": 1, "content_type": 15, "object_id": "11", "object_repr": "Evaluation object (11)", "action_flag": 1, "change_message": "[{\"added\": {}}]"}}, {"model": "admin.logentry", "pk": 56, "fields": {"action_time": "2021-11-26T04:14:58.329Z", "user": 1, "content_type": 15, "object_id": "12", "object_repr": "Evaluation object (12)", "action_flag": 1, "change_message": "[{\"added\": {}}]"}}, {"model": "admin.logentry", "pk": 57, "fields": {"action_time": "2021-11-26T04:15:05.016Z", "user": 1, "content_type": 15, "object_id": "13", "object_repr": "Evaluation object (13)", "action_flag": 1, "change_message": "[{\"added\": {}}]"}}, {"model": "admin.logentry", "pk": 58, "fields": {"action_time": "2021-11-26T04:15:12.240Z", "user": 1, "content_type": 15, "object_id": "14", "object_repr": "Evaluation object (14)", "action_flag": 1, "change_message": "[{\"added\": {}}]"}}, {"model": "admin.logentry", "pk": 59, "fields": {"action_time": "2021-11-26T04:15:30.055Z", "user": 1, "content_type": 15, "object_id": "15", "object_repr": "Evaluation object (15)", "action_flag": 1, "change_message": "[{\"added\": {}}]"}}, {"model": "admin.logentry", "pk": 60, "fields": {"action_time": "2021-11-26T04:15:37.549Z", "user": 1, "content_type": 15, "object_id": "16", "object_repr": "Evaluation object (16)", "action_flag": 1, "change_message": "[{\"added\": {}}]"}}, {"model": "admin.logentry", "pk": 61, "fields": {"action_time": "2021-11-26T04:15:44.015Z", "user": 1, "content_type": 15, "object_id": "17", "object_repr": "Evaluation object (17)", "action_flag": 1, "change_message": "[{\"added\": {}}]"}}, {"model": "admin.logentry", "pk": 62, "fields": {"action_time": "2021-11-26T04:15:51.311Z", "user": 1, "content_type": 15, "object_id": "18", "object_repr": "Evaluation object (18)", "action_flag": 1, "change_message": "[{\"added\": {}}]"}}, {"model": "admin.logentry", "pk": 63, "fields": {"action_time": "2021-11-26T04:15:57.740Z", "user": 1, "content_type": 15, "object_id": "19", "object_repr": "Evaluation object (19)", "action_flag": 1, "change_message": "[{\"added\": {}}]"}}, {"model": "admin.logentry", "pk": 64, "fields": {"action_time": "2021-11-26T04:16:06.578Z", "user": 1, "content_type": 15, "object_id": "20", "object_repr": "Evaluation object (20)", "action_flag": 1, "change_message": "[{\"added\": {}}]"}}, {"model": "admin.logentry", "pk": 65, "fields": {"action_time": "2021-11-26T04:16:13.123Z", "user": 1, "content_type": 15, "object_id": "21", "object_repr": "Evaluation object (21)", "action_flag": 1, "change_message": "[{\"added\": {}}]"}}, {"model": "admin.logentry", "pk": 66, "fields": {"action_time": "2021-11-26T04:16:19.005Z", "user": 1, "content_type": 15, "object_id": "22", "object_repr": "Evaluation object (22)", "action_flag": 1, "change_message": "[{\"added\": {}}]"}}, {"model": "admin.logentry", "pk": 67, "fields": {"action_time": "2021-11-26T04:16:26.189Z", "user": 1, "content_type": 15, "object_id": "23", "object_repr": "Evaluation object (23)", "action_flag": 1, "change_message": "[{\"added\": {}}]"}}, {"model": "admin.logentry", "pk": 68, "fields": {"action_time": "2021-11-26T04:16:32.373Z", "user": 1, "content_type": 15, "object_id": "24", "object_repr": "Evaluation object (24)", "action_flag": 1, "change_message": "[{\"added\": {}}]"}}, {"model": "admin.logentry", "pk": 69, "fields": {"action_time": "2021-11-26T04:16:38.359Z", "user": 1, "content_type": 15, "object_id": "25", "object_repr": "Evaluation object (25)", "action_flag": 1, "change_message": "[{\"added\": {}}]"}}, {"model": "admin.logentry", "pk": 70, "fields": {"action_time": "2021-11-26T04:16:44.433Z", "user": 1, "content_type": 15, "object_id": "26", "object_repr": "Evaluation object (26)", "action_flag": 1, "change_message": "[{\"added\": {}}]"}}, {"model": "admin.logentry", "pk": 71, "fields": {"action_time": "2021-11-26T04:17:39.307Z", "user": 1, "content_type": 15, "object_id": "24", "object_repr": "Evaluation object (24)", "action_flag": 3, "change_message": ""}}, {"model": "admin.logentry", "pk": 72, "fields": {"action_time": "2021-11-26T04:20:08.117Z", "user": 1, "content_type": 19, "object_id": "1", "object_repr": "Rating object (1)", "action_flag": 1, "change_message": "[{\"added\": {}}]"}}, {"model": "admin.logentry", "pk": 73, "fields": {"action_time": "2021-11-26T04:20:19.816Z", "user": 1, "content_type": 19, "object_id": "2", "object_repr": "Rating object (2)", "action_flag": 1, "change_message": "[{\"added\": {}}]"}}, {"model": "admin.logentry", "pk": 74, "fields": {"action_time": "2021-11-26T04:20:45.655Z", "user": 1, "content_type": 19, "object_id": "3", "object_repr": "Rating object (3)", "action_flag": 1, "change_message": "[{\"added\": {}}]"}}, {"model": "admin.logentry", "pk": 75, "fields": {"action_time": "2021-11-26T04:20:55.211Z", "user": 1, "content_type": 19, "object_id": "4", "object_repr": "Rating object (4)", "action_flag": 1, "change_message": "[{\"added\": {}}]"}}, {"model": "auth.permission", "pk": 1, "fields": {"name": "Can add log entry", "content_type": 1, "codename": "add_logentry"}}, {"model": "auth.permission", "pk": 2, "fields": {"name": "Can change log entry", "content_type": 1, "codename": "change_logentry"}}, {"model": "auth.permission", "pk": 3, "fields": {"name": "Can delete log entry", "content_type": 1, "codename": "delete_logentry"}}, {"model": "auth.permission", "pk": 4, "fields": {"name": "Can view log entry", "content_type": 1, "codename": "view_logentry"}}, {"model": "auth.permission", "pk": 5, "fields": {"name": "Can add permission", "content_type": 2, "codename": "add_permission"}}, {"model": "auth.permission", "pk": 6, "fields": {"name": "Can change permission", "content_type": 2, "codename": "change_permission"}}, {"model": "auth.permission", "pk": 7, "fields": {"name": "Can delete permission", "content_type": 2, "codename": "delete_permission"}}, {"model": "auth.permission", "pk": 8, "fields": {"name": "Can view permission", "content_type": 2, "codename": "view_permission"}}, {"model": "auth.permission", "pk": 9, "fields": {"name": "Can add group", "content_type": 3, "codename": "add_group"}}, {"model": "auth.permission", "pk": 10, "fields": {"name": "Can change group", "content_type": 3, "codename": "change_group"}}, {"model": "auth.permission", "pk": 11, "fields": {"name": "Can delete group", "content_type": 3, "codename": "delete_group"}}, {"model": "auth.permission", "pk": 12, "fields": {"name": "Can view group", "content_type": 3, "codename": "view_group"}}, {"model": "auth.permission", "pk": 13, "fields": {"name": "Can add content type", "content_type": 4, "codename": "add_contenttype"}}, {"model": "auth.permission", "pk": 14, "fields": {"name": "Can change content type", "content_type": 4, "codename": "change_contenttype"}}, {"model": "auth.permission", "pk": 15, "fields": {"name": "Can delete content type", "content_type": 4, "codename": "delete_contenttype"}}, {"model": "auth.permission", "pk": 16, "fields": {"name": "Can view content type", "content_type": 4, "codename": "view_contenttype"}}, {"model": "auth.permission", "pk": 17, "fields": {"name": "Can add session", "content_type": 5, "codename": "add_session"}}, {"model": "auth.permission", "pk": 18, "fields": {"name": "Can change session", "content_type": 5, "codename": "change_session"}}, {"model": "auth.permission", "pk": 19, "fields": {"name": "Can delete session", "content_type": 5, "codename": "delete_session"}}, {"model": "auth.permission", "pk": 20, "fields": {"name": "Can view session", "content_type": 5, "codename": "view_session"}}, {"model": "auth.permission", "pk": 21, "fields": {"name": "Can add user", "content_type": 6, "codename": "add_user"}}, {"model": "auth.permission", "pk": 22, "fields": {"name": "Can change user", "content_type": 6, "codename": "change_user"}}, {"model": "auth.permission", "pk": 23, "fields": {"name": "Can delete user", "content_type": 6, "codename": "delete_user"}}, {"model": "auth.permission", "pk": 24, "fields": {"name": "Can view user", "content_type": 6, "codename": "view_user"}}, {"model": "auth.permission", "pk": 25, "fields": {"name": "Can add student", "content_type": 7, "codename": "add_student"}}, {"model": "auth.permission", "pk": 26, "fields": {"name": "Can change student", "content_type": 7, "codename": "change_student"}}, {"model": "auth.permission", "pk": 27, "fields": {"name": "Can delete student", "content_type": 7, "codename": "delete_student"}}, {"model": "auth.permission", "pk": 28, "fields": {"name": "Can view student", "content_type": 7, "codename": "view_student"}}, {"model": "auth.permission", "pk": 29, "fields": {"name": "Can add coordinator", "content_type": 8, "codename": "add_coordinator"}}, {"model": "auth.permission", "pk": 30, "fields": {"name": "Can change coordinator", "content_type": 8, "codename": "change_coordinator"}}, {"model": "auth.permission", "pk": 31, "fields": {"name": "Can delete coordinator", "content_type": 8, "codename": "delete_coordinator"}}, {"model": "auth.permission", "pk": 32, "fields": {"name": "Can view coordinator", "content_type": 8, "codename": "view_coordinator"}}, {"model": "auth.permission", "pk": 33, "fields": {"name": "Can add campus", "content_type": 9, "codename": "add_campus"}}, {"model": "auth.permission", "pk": 34, "fields": {"name": "Can change campus", "content_type": 9, "codename": "change_campus"}}, {"model": "auth.permission", "pk": 35, "fields": {"name": "Can delete campus", "content_type": 9, "codename": "delete_campus"}}, {"model": "auth.permission", "pk": 36, "fields": {"name": "Can view campus", "content_type": 9, "codename": "view_campus"}}, {"model": "auth.permission", "pk": 37, "fields": {"name": "Can add report", "content_type": 10, "codename": "add_report"}}, {"model": "auth.permission", "pk": 38, "fields": {"name": "Can change report", "content_type": 10, "codename": "change_report"}}, {"model": "auth.permission", "pk": 39, "fields": {"name": "Can delete report", "content_type": 10, "codename": "delete_report"}}, {"model": "auth.permission", "pk": 40, "fields": {"name": "Can view report", "content_type": 10, "codename": "view_report"}}, {"model": "auth.permission", "pk": 41, "fields": {"name": "Can add team", "content_type": 11, "codename": "add_team"}}, {"model": "auth.permission", "pk": 42, "fields": {"name": "Can change team", "content_type": 11, "codename": "change_team"}}, {"model": "auth.permission", "pk": 43, "fields": {"name": "Can delete team", "content_type": 11, "codename": "delete_team"}}, {"model": "auth.permission", "pk": 44, "fields": {"name": "Can view team", "content_type": 11, "codename": "view_team"}}, {"model": "auth.permission", "pk": 45, "fields": {"name": "Can add offering", "content_type": 12, "codename": "add_offering"}}, {"model": "auth.permission", "pk": 46, "fields": {"name": "Can change offering", "content_type": 12, "codename": "change_offering"}}, {"model": "auth.permission", "pk": 47, "fields": {"name": "Can delete offering", "content_type": 12, "codename": "delete_offering"}}, {"model": "auth.permission", "pk": 48, "fields": {"name": "Can view offering", "content_type": 12, "codename": "view_offering"}}, {"model": "auth.permission", "pk": 49, "fields": {"name": "Can add file", "content_type": 13, "codename": "add_file"}}, {"model": "auth.permission", "pk": 50, "fields": {"name": "Can change file", "content_type": 13, "codename": "change_file"}}, {"model": "auth.permission", "pk": 51, "fields": {"name": "Can delete file", "content_type": 13, "codename": "delete_file"}}, {"model": "auth.permission", "pk": 52, "fields": {"name": "Can view file", "content_type": 13, "codename": "view_file"}}, {"model": "auth.permission", "pk": 53, "fields": {"name": "Can add alert", "content_type": 14, "codename": "add_alert"}}, {"model": "auth.permission", "pk": 54, "fields": {"name": "Can change alert", "content_type": 14, "codename": "change_alert"}}, {"model": "auth.permission", "pk": 55, "fields": {"name": "Can delete alert", "content_type": 14, "codename": "delete_alert"}}, {"model": "auth.permission", "pk": 56, "fields": {"name": "Can view alert", "content_type": 14, "codename": "view_alert"}}, {"model": "auth.permission", "pk": 57, "fields": {"name": "Can add evaluation", "content_type": 15, "codename": "add_evaluation"}}, {"model": "auth.permission", "pk": 58, "fields": {"name": "Can change evaluation", "content_type": 15, "codename": "change_evaluation"}}, {"model": "auth.permission", "pk": 59, "fields": {"name": "Can delete evaluation", "content_type": 15, "codename": "delete_evaluation"}}, {"model": "auth.permission", "pk": 60, "fields": {"name": "Can view evaluation", "content_type": 15, "codename": "view_evaluation"}}, {"model": "auth.permission", "pk": 61, "fields": {"name": "Can add question", "content_type": 16, "codename": "add_question"}}, {"model": "auth.permission", "pk": 62, "fields": {"name": "Can change question", "content_type": 16, "codename": "change_question"}}, {"model": "auth.permission", "pk": 63, "fields": {"name": "Can delete question", "content_type": 16, "codename": "delete_question"}}, {"model": "auth.permission", "pk": 64, "fields": {"name": "Can view question", "content_type": 16, "codename": "view_question"}}, {"model": "auth.permission", "pk": 65, "fields": {"name": "Can add survey", "content_type": 17, "codename": "add_survey"}}, {"model": "auth.permission", "pk": 66, "fields": {"name": "Can change survey", "content_type": 17, "codename": "change_survey"}}, {"model": "auth.permission", "pk": 67, "fields": {"name": "Can delete survey", "content_type": 17, "codename": "delete_survey"}}, {"model": "auth.permission", "pk": 68, "fields": {"name": "Can view survey", "content_type": 17, "codename": "view_survey"}}, {"model": "auth.permission", "pk": 69, "fields": {"name": "Can add submission", "content_type": 18, "codename": "add_submission"}}, {"model": "auth.permission", "pk": 70, "fields": {"name": "Can change submission", "content_type": 18, "codename": "change_submission"}}, {"model": "auth.permission", "pk": 71, "fields": {"name": "Can delete submission", "content_type": 18, "codename": "delete_submission"}}, {"model": "auth.permission", "pk": 72, "fields": {"name": "Can view submission", "content_type": 18, "codename": "view_submission"}}, {"model": "auth.permission", "pk": 73, "fields": {"name": "Can add rating", "content_type": 19, "codename": "add_rating"}}, {"model": "auth.permission", "pk": 74, "fields": {"name": "Can change rating", "content_type": 19, "codename": "change_rating"}}, {"model": "auth.permission", "pk": 75, "fields": {"name": "Can delete rating", "content_type": 19, "codename": "delete_rating"}}, {"model": "auth.permission", "pk": 76, "fields": {"name": "Can view rating", "content_type": 19, "codename": "view_rating"}}, {"model": "auth.permission", "pk": 77, "fields": {"name": "Can add comment", "content_type": 20, "codename": "add_comment"}}, {"model": "auth.permission", "pk": 78, "fields": {"name": "Can change comment", "content_type": 20, "codename": "change_comment"}}, {"model": "auth.permission", "pk": 79, "fields": {"name": "Can delete comment", "content_type": 20, "codename": "delete_comment"}}, {"model": "auth.permission", "pk": 80, "fields": {"name": "Can view comment", "content_type": 20, "codename": "view_comment"}}, {"model": "contenttypes.contenttype", "pk": 1, "fields": {"app_label": "admin", "model": "logentry"}}, {"model": "contenttypes.contenttype", "pk": 2, "fields": {"app_label": "auth", "model": "permission"}}, {"model": "contenttypes.contenttype", "pk": 3, "fields": {"app_label": "auth", "model": "group"}}, {"model": "contenttypes.contenttype", "pk": 4, "fields": {"app_label": "contenttypes", "model": "contenttype"}}, {"model": "contenttypes.contenttype", "pk": 5, "fields": {"app_label": "sessions", "model": "session"}}, {"model": "contenttypes.contenttype", "pk": 6, "fields": {"app_label": "accounts", "model": "user"}}, {"model": "contenttypes.contenttype", "pk": 7, "fields": {"app_label": "accounts", "model": "student"}}, {"model": "contenttypes.contenttype", "pk": 8, "fields": {"app_label": "accounts", "model": "coordinator"}}, {"model": "contenttypes.contenttype", "pk": 9, "fields": {"app_label": "dashboard", "model": "campus"}}, {"model": "contenttypes.contenttype", "pk": 10, "fields": {"app_label": "dashboard", "model": "report"}}, {"model": "contenttypes.contenttype", "pk": 11, "fields": {"app_label": "dashboard", "model": "team"}}, {"model": "contenttypes.contenttype", "pk": 12, "fields": {"app_label": "dashboard", "model": "offering"}}, {"model": "contenttypes.contenttype", "pk": 13, "fields": {"app_label": "dashboard", "model": "file"}}, {"model": "contenttypes.contenttype", "pk": 14, "fields": {"app_label": "dashboard", "model": "alert"}}, {"model": "contenttypes.contenttype", "pk": 15, "fields": {"app_label": "survey", "model": "evaluation"}}, {"model": "contenttypes.contenttype", "pk": 16, "fields": {"app_label": "survey", "model": "question"}}, {"model": "contenttypes.contenttype", "pk": 17, "fields": {"app_label": "survey", "model": "survey"}}, {"model": "contenttypes.contenttype", "pk": 18, "fields": {"app_label": "survey", "model": "submission"}}, {"model": "contenttypes.contenttype", "pk": 19, "fields": {"app_label": "survey", "model": "rating"}}, {"model": "contenttypes.contenttype", "pk": 20, "fields": {"app_label": "survey", "model": "comment"}}, {"model": "sessions.session", "pk": "dt9tojnt57liwfn7eki96s1oc2f75cyp", "fields": {"session_data": ".eJxVjMsOwiAQRf-FtSHDozC4dO83kCkMUjU0Ke3K-O_apAvd3nPOfYlI21rj1nmJUxZnocTpdxspPbjtIN-p3WaZ5rYu0yh3RR60y-uc-Xk53L-DSr1-66CsgZSydyUMeQgOqRQMHkIygLZ4y4AIoHRxZNhY0Bq9IdYqgy5evD_CBTbA:1mqSVk:NoamfGNG6xsuhJPJqbzHkzgws5-Mv9EClD7u6WZ2XI0", "expire_date": "2021-12-10T04:06:56.338Z"}}, {"model": "accounts.user", "pk": 1, "fields": {"password": "pbkdf2_sha256$260000$D1pF8RtuPAOB63emdg2CKv$QYt7kmql2todBMBz+h1ZWElf6ZixRoQHf3ej0d28AOs=", "last_login": "2021-11-26T04:06:56.335Z", "is_superuser": true, "last_name": "", "is_staff": true, "is_active": true, "date_joined": "2021-11-25T02:13:59.627Z", "title": "", "given_names": "", "email": "andrew.pereira997@gmail.com", "groups": [], "user_permissions": []}}, {"model": "accounts.user", "pk": 2, "fields": {"password": "pbkdf2_sha256$260000$4SjDAWvFZFnUmCzldeCV1P$J9Unnt4CWpiUFiBz83cwi+LrPCoRsh10nSmARuYasGg=", "last_login": "2021-11-26T04:06:38.309Z", "is_superuser": false, "last_name": "Smith", "is_staff": false, "is_active": true, "date_joined": "2021-11-25T02:15:13.218Z", "title": "Mr.", "given_names": "John", "email": "john.smith@test.com", "groups": [], "user_permissions": []}}, {"model": "accounts.user", "pk": 3, "fields": {"password": "", "last_login": null, "is_superuser": false, "last_name": "Alruwaished", "is_staff": false, "is_active": true, "date_joined": "2021-11-26T04:01:50.849Z", "title": "Mr.", "given_names": "Naif", "email": "33817897@student.murdoch.edu.au", "groups": [], "user_permissions": []}}, {"model": "accounts.user", "pk": 4, "fields": {"password": "", "last_login": null, "is_superuser": false, "last_name": "Rasool", "is_staff": false, "is_active": true, "date_joined": "2021-11-26T04:01:50.882Z", "title": "Ms.", "given_names": "Marium", "email": "33594122@student.murdoch.edu.au", "groups": [], "user_permissions": []}}, {"model": "accounts.user", "pk": 5, "fields": {"password": "", "last_login": null, "is_superuser": false, "last_name": "Farai", "is_staff": false, "is_active": true, "date_joined": "2021-11-26T04:01:50.896Z", "title": "Ms.", "given_names": "Zahara", "email": "32814959@student.murdoch.edu.au", "groups": [], "user_permissions": []}}, {"model": "accounts.user", "pk": 6, "fields": {"password": "", "last_login": null, "is_superuser": false, "last_name": "Manoharan", "is_staff": false, "is_active": true, "date_joined": "2021-11-26T04:01:50.910Z", "title": "Mr.", "given_names": "Arjun", "email": "33257026@student.murdoch.edu.au", "groups": [], "user_permissions": []}}, {"model": "accounts.user", "pk": 7, "fields": {"password": "", "last_login": null, "is_superuser": false, "last_name": "Pereira", "is_staff": false, "is_active": true, "date_joined": "2021-11-26T04:01:50.923Z", "title": "Mr.", "given_names": "Andrew", "email": "33154184@student.murdoch.edu.au", "groups": [], "user_permissions": []}}, {"model": "accounts.user", "pk": 8, "fields": {"password": "", "last_login": null, "is_superuser": false, "last_name": "Joseph", "is_staff": false, "is_active": true, "date_joined": "2021-11-26T04:01:50.937Z", "title": "Mr.", "given_names": "Brook", "email": "33717834@student.murdoch.edu.au", "groups": [], "user_permissions": []}}, {"model": "accounts.user", "pk": 9, "fields": {"password": "", "last_login": null, "is_superuser": false, "last_name": "Fox", "is_staff": false, "is_active": true, "date_joined": "2021-11-26T04:01:50.954Z", "title": "Ms.", "given_names": "Anika", "email": "33808628@student.murdoch.edu.au", "groups": [], "user_permissions": []}}, {"model": "accounts.user", "pk": 10, "fields": {"password": "", "last_login": null, "is_superuser": false, "last_name": "Turner", "is_staff": false, "is_active": true, "date_joined": "2021-11-26T04:01:50.968Z", "title": "Ms.", "given_names": "Xanthe", "email": "33495252@student.murdoch.edu.au", "groups": [], "user_permissions": []}}, {"model": "accounts.user", "pk": 11, "fields": {"password": "", "last_login": null, "is_superuser": false, "last_name": "Holmes", "is_staff": false, "is_active": true, "date_joined": "2021-11-26T04:01:50.981Z", "title": "Mr.", "given_names": "Arbaaz", "email": "33824907@student.murdoch.edu.au", "groups": [], "user_permissions": []}}, {"model": "accounts.user", "pk": 12, "fields": {"password": "", "last_login": null, "is_superuser": false, "last_name": "Woodard", "is_staff": false, "is_active": true, "date_joined": "2021-11-26T04:01:50.994Z", "title": "Mr.", "given_names": "Faizaan", "email": "33240863@student.murdoch.edu.au", "groups": [], "user_permissions": []}}, {"model": "accounts.user", "pk": 13, "fields": {"password": "", "last_login": null, "is_superuser": false, "last_name": "Wells", "is_staff": false, "is_active": true, "date_joined": "2021-11-26T04:01:51.007Z", "title": "Ms.", "given_names": "Lyla-Rose", "email": "33790462@student.murdoch.edu.au", "groups": [], "user_permissions": []}}, {"model": "accounts.user", "pk": 14, "fields": {"password": "", "last_login": null, "is_superuser": false, "last_name": "Davila", "is_staff": false, "is_active": true, "date_joined": "2021-11-26T04:01:51.024Z", "title": "Ms.", "given_names": "Haleema", "email": "33772602@student.murdoch.edu.au", "groups": [], "user_permissions": []}}, {"model": "accounts.user", "pk": 15, "fields": {"password": "", "last_login": null, "is_superuser": false, "last_name": "Dominguez", "is_staff": false, "is_active": true, "date_joined": "2021-11-26T04:01:51.038Z", "title": "Mr.", "given_names": "Kaydan", "email": "33736398@student.murdoch.edu.au", "groups": [], "user_permissions": []}}, {"model": "accounts.user", "pk": 16, "fields": {"password": "", "last_login": null, "is_superuser": false, "last_name": "Santos", "is_staff": false, "is_active": true, "date_joined": "2021-11-26T04:01:51.051Z", "title": "Mr.", "given_names": "Adnan", "email": "33458187@student.murdoch.edu.au", "groups": [], "user_permissions": []}}, {"model": "accounts.user", "pk": 17, "fields": {"password": "", "last_login": null, "is_superuser": false, "last_name": "Terry", "is_staff": false, "is_active": true, "date_joined": "2021-11-26T04:01:51.065Z", "title": "Ms.", "given_names": "Sarah-Jayne", "email": "33248206@student.murdoch.edu.au", "groups": [], "user_permissions": []}}, {"model": "accounts.student", "pk": 1, "fields": {"user": 3, "id_number": "33817897", "spe1": null, "spe2": null}}, {"model": "accounts.student", "pk": 2, "fields": {"user": 4, "id_number": "33594122", "spe1": null, "spe2": null}}, {"model": "accounts.student", "pk": 3, "fields": {"user": 5, "id_number": "32814959", "spe1": null, "spe2": null}}, {"model": "accounts.student", "pk": 4, "fields": {"user": 6, "id_number": "33257026", "spe1": null, "spe2": null}}, {"model": "accounts.student", "pk": 5, "fields": {"user": 7, "id_number": "33154184", "spe1": null, "spe2": null}}, {"model": "accounts.student", "pk": 6, "fields": {"user": 8, "id_number": "33717834", "spe1": null, "spe2": null}}, {"model": "accounts.student", "pk": 7, "fields": {"user": 9, "id_number": "33808628", "spe1": null, "spe2": null}}, {"model": "accounts.student", "pk": 8, "fields": {"user": 10, "id_number": "33495252", "spe1": null, "spe2": null}}, {"model": "accounts.student", "pk": 9, "fields": {"user": 11, "id_number": "33824907", "spe1": null, "spe2": null}}, {"model": "accounts.student", "pk": 10, "fields": {"user": 12, "id_number": "33240863", "spe1": null, "spe2": null}}, {"model": "accounts.student", "pk": 11, "fields": {"user": 13, "id_number": "33790462", "spe1": null, "spe2": null}}, {"model": "accounts.student", "pk": 12, "fields": {"user": 14, "id_number": "33772602", "spe1": null, "spe2": null}}, {"model": "accounts.student", "pk": 13, "fields": {"user": 15, "id_number": "33736398", "spe1": null, "spe2": null}}, {"model": "accounts.student", "pk": 14, "fields": {"user": 16, "id_number": "33458187", "spe1": null, "spe2": null}}, {"model": "accounts.student", "pk": 15, "fields": {"user": 17, "id_number": "33248206", "spe1": null, "spe2": null}}, {"model": "accounts.coordinator", "pk": 1, "fields": {"user": 2}}, {"model": "dashboard.file", "pk": 1, "fields": {"file_name": "user_2/Book2_cNvbeRP.csv", "date_uploaded": "2021-11-26T04:01:50.836Z", "user": 2, "type": ""}}, {"model": "dashboard.campus", "pk": 1, "fields": {"name": "Murdoch University Dubai", "city": "Dubai", "country": "United Arab Emirates"}}, {"model": "dashboard.campus", "pk": 2, "fields": {"name": "Murdoch University", "city": "Perth", "country": "Australia"}}, {"model": "dashboard.campus", "pk": 3, "fields": {"name": "Murdoch University International Study Centre Singapore", "city": "Singapore", "country": "Singapore"}}, {"model": "dashboard.offering", "pk": 1, "fields": {"unit_code": "ICT302", "coordinator": 1, "campus": 1, "teaching_period": "TSD", "year": 2021, "students": [1, 2, 3, 4, 5]}}, {"model": "dashboard.offering", "pk": 2, "fields": {"unit_code": "ICT333", "coordinator": 1, "campus": 2, "teaching_period": "S2", "year": 2020, "students": [6, 7, 8, 9, 10]}}, {"model": "dashboard.offering", "pk": 3, "fields": {"unit_code": "ICT302", "coordinator": 1, "campus": 3, "teaching_period": "TMA", "year": 2021, "students": [11, 12, 13, 14, 15]}}, {"model": "dashboard.team", "pk": 1, "fields": {"team_number": "FT01", "team_name": "Byte", "campus": 1, "students": [1, 2, 3, 4, 5]}}, {"model": "dashboard.team", "pk": 2, "fields": {"team_number": "FT11", "team_name": "Team AUS", "campus": 2, "students": [6, 7, 8, 9, 10]}}, {"model": "dashboard.team", "pk": 3, "fields": {"team_number": "FT32", "team_name": "Team SIG", "campus": 3, "students": [11, 12, 13, 14, 15]}}, {"model": "survey.question", "pk": 2, "fields": {"prompt": "Willingness to work as part of the group and taking responsibility in the group.", "weighting": "0.50", "question_type": "R", "evaluation_type": "S"}}, {"model": "survey.question", "pk": 3, "fields": {"prompt": "Communication within the group and participation in group meetings.", "weighting": "0.50", "question_type": "R", "evaluation_type": "S"}}, {"model": "survey.question", "pk": 4, "fields": {"prompt": "Contribution to the management of the project, e.g. work delivered on time.", "weighting": "0.50", "question_type": "R", "evaluation_type": "S"}}, {"model": "survey.question", "pk": 5, "fields": {"prompt": "Problem solving and creativity on behalf of the group's work.", "weighting": "0.50", "question_type": "R", "evaluation_type": "S"}}, {"model": "survey.question", "pk": 6, "fields": {"prompt": "Below add a brief description of how you believe you contributed to the project process over the whole semester.", "weighting": "0.00", "question_type": "C", "evaluation_type": "S"}}, {"model": "survey.question", "pk": 7, "fields": {"prompt": "What skills and knowledge do you now know you need to develop for your future work in the IT industry and/or what issues of your own working style do you need to address?", "weighting": "0.00", "question_type": "C", "evaluation_type": "S"}}, {"model": "survey.question", "pk": 8, "fields": {"prompt": "The amount of work and effort put into the Requirements and Analysis Document, the Project Management Plan, and the Design Document.", "weighting": "0.50", "question_type": "R", "evaluation_type": "P"}}, {"model": "survey.question", "pk": 9, "fields": {"prompt": "Willingness to work as part of the group and taking responsibility in the group.", "weighting": "0.50", "question_type": "R", "evaluation_type": "P"}}, {"model": "survey.question", "pk": 10, "fields": {"prompt": "Communication within the group and participation in group meetings.", "weighting": "0.50", "question_type": "R", "evaluation_type": "P"}}, {"model": "survey.question", "pk": 11, "fields": {"prompt": "Contribution to the management of the project, e.g. work delivered on time.", "weighting": "0.50", "question_type": "R", "evaluation_type": "P"}}, {"model": "survey.question", "pk": 12, "fields": {"prompt": "Problem solving and creativity on behalf of the group's work.", "weighting": "0.50", "question_type": "R", "evaluation_type": "P"}}, {"model": "survey.question", "pk": 19, "fields": {"prompt": "Test Peer Rating 2", "weighting": "0.50", "question_type": "R", "evaluation_type": "P"}}, {"model": "survey.question", "pk": 20, "fields": {"prompt": "Test Delete Rating", "weighting": "0.50", "question_type": "R", "evaluation_type": "S"}}, {"model": "survey.question", "pk": 21, "fields": {"prompt": "Test rating", "weighting": "0.50", "question_type": "R", "evaluation_type": "S"}}, {"model": "survey.question", "pk": 22, "fields": {"prompt": "Test rating", "weighting": "0.50", "question_type": "R", "evaluation_type": "S"}}, {"model": "survey.question", "pk": 26, "fields": {"prompt": "Test Duplicate", "weighting": "0.50", "question_type": "R", "evaluation_type": "S"}}, {"model": "survey.question", "pk": 27, "fields": {"prompt": "The amount of work and effort put into the Requirements and Analysis Document, the Project Management Plan, and the Design Document.", "weighting": "0.50", "question_type": "R", "evaluation_type": "S"}}, {"model": "survey.question", "pk": 28, "fields": {"prompt": "Briefly describe how you believe this person contributed to the project process.", "weighting": "0.00", "question_type": "C", "evaluation_type": "P"}}, {"model": "survey.survey", "pk": 1, "fields": {"coordinator": 1, "spe_number": 1, "introductory_text": "Introduction  Below you will see a series of questions and scales designed to allow you to evaluate both your own performance in the project process to date, and that of each of your fellow group members.   This form, together with those of others in your group, will determine the first Self and Peer Evaluation (SPE) mark that you get.  Download a copy of this form, fill it in electronically, and submit your complete form to your Supervisor.   Please note: Everything that you put into this form will be kept strictly confidential by the unit coordinator.  Using the assessment scales  The scales are from 1 to 5.  Assess these as:  1 = Very poor, or even obstructive, contribution to the project process 2 = Poor contribution to the project process 3 = acceptable contribution to the project process 4 = good contribution to the project process 5 = excellent contribution to the project process   The assessment criteria  You need to fill in a mark from the scale for each one of 5 performance criteria.  These are:  1.\tThe amount of work and effort put into the Requirements and Analysis Document, the Project Management Plan, and the Design Document. 2.\tWillingness to work as part of the group and taking responsibility in the group. 3.\tCommunication within the group and participation in group meetings. 4.\tContribution to the management of the project, e.g. work delivered on time. 5.\tProblem solving and creativity on behalf of the group's work.", "date_opened": "2021-11-01T12:00:00Z", "date_closed": "2021-11-26T12:00:00Z", "date_created": "2021-11-25T02:22:27.311Z", "date_modified": "2021-11-25T05:53:45.795Z", "questions": [2, 3, 4, 5, 6, 7, 8, 9, 10, 11, 12, 27, 28]}},{"model": "survey.submission", "pk": 1, "fields": {"student": 11, "survey": 1, "spe_number": 1, "date_submitted": "2021-11-26T04:10:28.494Z", "is_submitted": false}}, {"model": "survey.evaluation", "pk": 1, "fields": {"student": 11, "evaluatee": 11, "submission": 1}}, {"model": "survey.evaluation", "pk": 2, "fields": {"student": 11, "evaluatee": 12, "submission": 1}}, {"model": "survey.evaluation", "pk": 3, "fields": {"student": 11, "evaluatee": 13, "submission": 1}}, {"model": "survey.evaluation", "pk": 4, "fields": {"student": 11, "evaluatee": 14, "submission": 1}}, {"model": "survey.evaluation", "pk": 5, "fields": {"student": 11, "evaluatee": 15, "submission": 1}}, {"model": "survey.rating", "pk": 1, "fields": {"question": 27, "evaluation": 1, "answer": 5}}, {"model": "survey.rating", "pk": 2, "fields": {"question": 2, "evaluation": 1, "answer": 4}}, {"model": "survey.rating", "pk": 3, "fields": {"question": 3, "evaluation": 1, "answer": 3}}, {"model": "survey.rating", "pk": 4, "fields": {"question": 4, "evaluation": 1, "answer": 2}},{"model": "survey.rating", "pk": 5, "fields": {"question": 5, "evaluation": 1, "answer": 1}},{"model": "survey.comment", "pk": 1, "fields": {"question": 6, "evaluation": 1, "answer": "Test comment"}},{"model": "survey.comment", "pk": 2, "fields": {"question": 7, "evaluation": 1, "answer": "Test comment"}},{"model": "survey.rating", "pk": 6, "fields": {"question": 8, "evaluation": 2, "answer": 4}}, {"model": "survey.rating", "pk": 7, "fields": {"question": 9, "evaluation": 2, "answer": 3}}, {"model": "survey.rating", "pk": 8, "fields": {"question": 10, "evaluation": 2, "answer": 2}}, {"model": "survey.rating", "pk": 9, "fields": {"question": 11, "evaluation": 2, "answer": 1}},{"model": "survey.rating", "pk": 10, "fields": {"question": 12, "evaluation": 2, "answer": 5}},{"model": "survey.comment", "pk": 3, "fields": {"question": 28, "evaluation": 2, "answer": "Test comment"}},{"model": "survey.rating", "pk": 11, "fields": {"question": 8, "evaluation": 3, "answer": 3}}, {"model": "survey.rating", "pk": 12, "fields": {"question": 9, "evaluation": 3, "answer": 2}}, {"model": "survey.rating", "pk": 13, "fields": {"question": 10, "evaluation": 3, "answer": 1}}, {"model": "survey.rating", "pk": 14, "fields": {"question": 11, "evaluation": 3, "answer": 5}},{"model": "survey.rating", "pk": 15, "fields": {"question": 12, "evaluation": 3, "answer": 4}},{"model": "survey.comment", "pk": 4, "fields": {"question": 28, "evaluation": 3, "answer": "Test comment"}},{"model": "survey.rating", "pk": 16, "fields": {"question": 8, "evaluation": 4, "answer": 2}}, {"model": "survey.rating", "pk": 17, "fields": {"question": 9, "evaluation": 4, "answer": 1}}, {"model": "survey.rating", "pk": 18, "fields": {"question": 10, "evaluation": 4, "answer": 5}}, {"model": "survey.rating", "pk": 19, "fields": {"question": 11, "evaluation": 4, "answer": 4}},{"model": "survey.rating", "pk": 20, "fields": {"question": 12, "evaluation": 4, "answer": 1}},{"model": "survey.comment", "pk": 5, "fields": {"question": 28, "evaluation": 4, "answer": "Test comment"}},{"model": "survey.rating", "pk": 21, "fields": {"question": 8, "evaluation": 5, "answer": 4}}, {"model": "survey.rating", "pk": 22, "fields": {"question": 9, "evaluation": 5, "answer": 5}}, {"model": "survey.rating", "pk": 23, "fields": {"question": 10, "evaluation": 5, "answer": 1}}, {"model": "survey.rating", "pk": 24, "fields": {"question": 11, "evaluation": 5, "answer": 1}},{"model": "survey.rating", "pk": 25, "fields": {"question": 12, "evaluation": 5, "answer": 5}},{"model": "survey.comment", "pk": 6, "fields": {"question": 28, "evaluation": 5, "answer": "Test comment"}}]